id,name,department,semester,marks
1,Alice,CSE,1,87
2,Bob,ME,4,54
3,Carol,ECE,2,83
4,Dave,IT,2,77
5,Eve,CE,1,41
6,Frank,CSE,4,54
7,Grace,IT,1,75
8,Heidi,ECE,7,54
9,Ivan,CE,5,91
10,Judy,CSE,3,84
11,Karl,CE,6,57
12,Laura,ECE,4,88
13,Mallory,ME,2,45
14,Niaj,CE,2,62
15,Olivia,ME,5,91
16,Peggy,CSE,8,74
17,Quentin,CSE,7,45
18,Rupert,IT,5,93
19,Sybil,IT,6,76
20,Trent,ECE,2,42
21,Uma,ECE,5,45
22,Victor,ECE,2,64
23,Wendy,ME,8,80
24,Xander,ME,3,63
25,Yvonne,ME,4,82
26,Zara,ME,2,78
27,Aaron,ECE,4,50
28,Beth,CE,7,57
29,Carlos,IT,4,83
30,Diana,ME,1,54
31,Ethan,CSE,6,65
32,Fiona,ME,2,53
33,George,IT,6,53
34,Hannah,CE,7,96
35,Ian,CE,3,56
36,Julia,ECE,4,87
37,Kevin,IT,5,87
38,Lisa,IT,7,97
39,Mike,IT,7,63
40,Nancy,ECE,3,72
41,Oscar,CE,2,88
42,Paula,CSE,2,49
43,Quinn,ECE,7,78
44,Rachel,CSE,7,64
45,Sam,IT,8,73
46,Tina,ME,1,83
47,Umar,CSE,5,89
48,Vera,ME,2,58
49,Will,CE,3,69
50,Xena,CSE,5,72
51,Yusuf,ECE,2,95
52,Zoe,ME,4,49
53,Alan,ME,3,74
54,Brenda,IT,1,78
55,Chris,ME,8,41
56,Donna,CSE,6,96
57,Eric,ME,4,43
58,Flora,ECE,2,45
59,Glen,CE,2,88
60,Helen,IT,3,48
61,Irfan,CE,3,56
62,Jade,IT,7,53
63,Kyle,IT,4,85
64,Lena,ME,7,82
65,Martin,ME,8,97
66,Nina,IT,8,47
67,Oliver,ECE,4,44
68,Priya,ME,1,77
69,Ravi,IT,4,77
70,Sara,ECE,1,44
71,Tom,CSE,4,44
72,Ursula,CSE,6,44
73,Vivek,IT,4,57
74,Wren,CE,4,74
75,Ximena,ECE,8,55
76,Yara,CE,7,52
77,Zaid,CSE,2,82
78,Aditi,CE,6,67
79,Ben,CE,8,95
80,Chloe,CSE,2,43
81,Derek,CE,6,91
82,Elena,CSE,4,52
83,Felix,ECE,8,48
84,Gina,CE,3,57
85,Harsh,CE,4,95
86,Isla,CSE,8,91
87,Jake,IT,2,43
88,Kiran,IT,1,45
89,Lara,ECE,3,66
90,Mohit,CE,8,53
91,Nora,CE,1,50
92,Omar,CE,1,64
93,Puja,ME,8,58
94,Raj,CE,8,49
95,Sneha,ECE,5,53
96,Tarun,CSE,1,87
97,Usha,ME,1,43
98,Vikram,IT,8,72
99,Wafa,IT,3,43
100,Yash,IT,2,94
101,Alice,ECE,2,78
102,Bob,CSE,4,65
103,Carol,CSE,4,77
104,Dave,IT,1,79
105,Eve,CSE,7,82
106,Frank,IT,6,99
107,Grace,ME,4,82
108,Heidi,ME,4,56
109,Ivan,CE,3,82
110,Judy,ME,8,60
111,Karl,CSE,1,69
112,Laura,IT,2,44
113,Mallory,IT,4,72
114,Niaj,ME,3,99
115,Olivia,ME,2,96
116,Peggy,ECE,6,58
117,Quentin,ECE,8,93
118,Rupert,IT,5,79
119,Sybil,IT,1,82
120,Trent,IT,5,99
121,Uma,CSE,3,56
122,Victor,CSE,2,87
123,Wendy,IT,3,57
124,Xander,ME,4,85
125,Yvonne,ME,4,83
126,Zara,ME,8,56
127,Aaron,CSE,2,80
128,Beth,CE,5,42
129,Carlos,CSE,6,89
130,Diana,ECE,5,50
131,Ethan,CE,7,75
132,Fiona,CSE,2,44
133,George,ECE,1,93
134,Hannah,ME,3,67
135,Ian,ECE,1,59
136,Julia,ME,1,97
137,Kevin,ME,4,83
138,Lisa,ECE,2,62
139,Mike,IT,7,79
140,Nancy,ECE,4,95
141,Oscar,ECE,3,96
142,Paula,CE,1,51
143,Quinn,ME,7,91
144,Rachel,ECE,5,50
145,Sam,CSE,7,95
146,Tina,CSE,8,54
147,Umar,ECE,8,62
148,Vera,ME,4,54
149,Will,CSE,4,65
150,Xena,ME,5,95
151,Yusuf,CSE,5,62
152,Zoe,IT,7,83
153,Alan,IT,6,100
154,Brenda,CSE,2,96
155,Chris,ME,3,77
156,Donna,ME,1,46
157,Eric,IT,7,62
158,Flora,ME,7,78
159,Glen,IT,2,64
160,Helen,IT,4,56
161,Irfan,CSE,7,40
162,Jade,IT,4,63
163,Kyle,CE,2,100
164,Lena,ME,6,82
165,Martin,CSE,5,72
166,Nina,ME,7,60
167,Oliver,CE,5,75
168,Priya,ECE,4,66
169,Ravi,CE,3,79
170,Sara,IT,5,65
171,Tom,IT,1,59
172,Ursula,ME,4,67
173,Vivek,IT,6,69
174,Wren,CE,8,83
175,Ximena,ECE,8,90
176,Yara,ECE,2,58
177,Zaid,IT,6,45
178,Aditi,ECE,5,54
179,Ben,ECE,3,41
180,Chloe,CSE,4,70
181,Derek,IT,2,69
182,Elena,CE,4,85
183,Felix,CE,8,65
184,Gina,ECE,3,81
185,Harsh,CSE,2,89
186,Isla,CE,4,51
187,Jake,IT,8,43
188,Kiran,IT,4,98
189,Lara,CSE,8,48
190,Mohit,CE,6,100
191,Nora,CE,7,93
192,Omar,IT,8,97
193,Puja,ECE,8,68
194,Raj,ME,4,93
195,Sneha,ME,8,80
196,Tarun,ECE,5,68
197,Usha,CSE,5,55
198,Vikram,ME,6,60
199,Wafa,IT,2,48
200,Yash,ECE,4,64
